image_name,method,level_name,level_value,codec_backend,width,height,channels,original_file_size_bytes,raw_size_bytes,compressed_file_size_bytes,compression_ratio_file,compression_ratio_raw,mse,psnr,ssim,encoding_time_ms,decoding_time_ms,compressed_path,reconstructed_path
kodim01.png,jpeg,low_compression_q90,90,Pillow-JPEG,768,512,3,736501,1179648,153047,4.812253752115363,7.7077499068913475,13.342297871907553,36.87849728652552,0.9733471381704146,3.9711000863462687,7.828900008462369,C:\Users\gabri\OneDrive\Documentos\UTEC 2026-1\Vision y Reconocimento\pc3\outputs\compressed\jpeg\kodim01__low_compression_q90.jpg,C:\Users\gabri\OneDrive\Documentos\UTEC 2026-1\Vision y Reconocimento\pc3\outputs\reconstructed\jpeg\kodim01__low_compression_q90.png
kodim01.png,jpeg,medium_compression_q60,60,Pillow-JPEG,768,512,3,736501,1179648,68920,10.68631746952989,17.116192687173534,56.35455746120877,30.621513171456094,0.9074441326901708,2.818599925376475,8.347900002263486,C:\Users\gabri\OneDrive\Documentos\UTEC 2026-1\Vision y Reconocimento\pc3\outputs\compressed\jpeg\kodim01__medium_compression_q60.jpg,C:\Users\gabri\OneDrive\Documentos\UTEC 2026-1\Vision y Reconocimento\pc3\outputs\reconstructed\jpeg\kodim01__medium_compression_q60.png
kodim01.png,jpeg,high_compression_q30,30,Pillow-JPEG,768,512,3,736501,1179648,42663,17.263225745962544,27.65037620420505,98.16728040907118,28.211136012443532,0.8483983523616537,3.0972000677138567,7.862099912017584,C:\Users\gabri\OneDrive\Documentos\UTEC 2026-1\Vision y Reconocimento\pc3\outputs\compressed\jpeg\kodim01__high_compression_q30.jpg,C:\Users\gabri\OneDrive\Documentos\UTEC 2026-1\Vision y Reconocimento\pc3\outputs\reconstructed\jpeg\kodim01__high_compression_q30.png
kodim01.png,jpeg2000,low_compression_cr5,5,imagecodecs-JPEG2000,768,512,3,736501,1179648,333041,2.2114424350155084,3.5420503781816652,0.485260009765625,51.27105858247717,0.9983855798232018,53.37620002683252,40.73549993336201,C:\Users\gabri\OneDrive\Documentos\UTEC 2026-1\Vision y Reconocimento\pc3\outputs\compressed\jpeg2000\kodim01__low_compression_cr5.jp2,C:\Users\gabri\OneDrive\Documentos\UTEC 2026-1\Vision y Reconocimento\pc3\outputs\reconstructed\jpeg2000\kodim01__low_compression_cr5.png
kodim01.png,jpeg2000,medium_compression_cr10,10,imagecodecs-JPEG2000,768,512,3,736501,1179648,318645,2.311352759340332,3.7020759779692134,0.5412445068359375,50.79686859197845,0.9982551135525526,52.45790001936257,39.263100014068186,C:\Users\gabri\OneDrive\Documentos\UTEC 2026-1\Vision y Reconocimento\pc3\outputs\compressed\jpeg2000\kodim01__medium_compression_cr10.jp2,C:\Users\gabri\OneDrive\Documentos\UTEC 2026-1\Vision y Reconocimento\pc3\outputs\reconstructed\jpeg2000\kodim01__medium_compression_cr10.png
kodim01.png,jpeg2000,high_compression_cr20,20,imagecodecs-JPEG2000,768,512,3,736501,1179648,41937,17.562081217063692,28.129050718935545,66.82210879855685,29.88160183712381,0.8669061205279048,52.5618001120165,10.226899990811944,C:\Users\gabri\OneDrive\Documentos\UTEC 2026-1\Vision y Reconocimento\pc3\outputs\compressed\jpeg2000\kodim01__high_compression_cr20.jp2,C:\Users\gabri\OneDrive\Documentos\UTEC 2026-1\Vision y Reconocimento\pc3\outputs\reconstructed\jpeg2000\kodim01__high_compression_cr20.png
kodim02.png,jpeg,low_compression_q90,90,Pillow-JPEG,768,512,3,617995,1179648,98660,6.263886073383337,11.956699777011961,10.56844753689236,37.89069165015466,0.9429909495466356,3.0469000339508057,7.28220003657043,C:\Users\gabri\OneDrive\Documentos\UTEC 2026-1\Vision y Reconocimento\pc3\outputs\compressed\jpeg\kodim02__low_compression_q90.jpg,C:\Users\gabri\OneDrive\Documentos\UTEC 2026-1\Vision y Reconocimento\pc3\outputs\reconstructed\jpeg\kodim02__low_compression_q90.png
kodim02.png,jpeg,medium_compression_q60,60,Pillow-JPEG,768,512,3,617995,1179648,37508,16.47635171163485,31.45057054495041,29.07013448079427,33.49633320011422,0.8703369672434692,2.1445000311359763,7.221799925900996,C:\Users\gabri\OneDrive\Documentos\UTEC 2026-1\Vision y Reconocimento\pc3\outputs\compressed\jpeg\kodim02__medium_compression_q60.jpg,C:\Users\gabri\OneDrive\Documentos\UTEC 2026-1\Vision y Reconocimento\pc3\outputs\reconstructed\jpeg\kodim02__medium_compression_q60.png
kodim02.png,jpeg,high_compression_q30,30,Pillow-JPEG,768,512,3,617995,1179648,20278,30.476131768418977,58.17378439688332,47.44967736138238,31.368470971214094,0.8094766674533128,1.8958000000566244,7.401300012134016,C:\Users\gabri\OneDrive\Documentos\UTEC 2026-1\Vision y Reconocimento\pc3\outputs\compressed\jpeg\kodim02__high_compression_q30.jpg,C:\Users\gabri\OneDrive\Documentos\UTEC 2026-1\Vision y Reconocimento\pc3\outputs\reconstructed\jpeg\kodim02__high_compression_q30.png
kodim02.png,jpeg2000,low_compression_cr5,5,imagecodecs-JPEG2000,768,512,3,617995,1179648,275390,2.2440720432840697,4.283554232179818,0.5243954128689237,50.93421476809489,0.9955291949472463,47.04730003140867,35.97049997188151,C:\Users\gabri\OneDrive\Documentos\UTEC 2026-1\Vision y Reconocimento\pc3\outputs\compressed\jpeg2000\kodim02__low_compression_cr5.jp2,C:\Users\gabri\OneDrive\Documentos\UTEC 2026-1\Vision y Reconocimento\pc3\outputs\reconstructed\jpeg2000\kodim02__low_compression_cr5.png
kodim02.png,jpeg2000,medium_compression_cr10,10,imagecodecs-JPEG2000,768,512,3,617995,1179648,260616,2.3712857230561437,4.526383644902846,0.5788455539279513,50.505176590134376,0.9952324876170181,47.39780002273619,35.119300009682775,C:\Users\gabri\OneDrive\Documentos\UTEC 2026-1\Vision y Reconocimento\pc3\outputs\compressed\jpeg2000\kodim02__medium_compression_cr10.jp2,C:\Users\gabri\OneDrive\Documentos\UTEC 2026-1\Vision y Reconocimento\pc3\outputs\reconstructed\jpeg2000\kodim02__medium_compression_cr10.png
kodim02.png,jpeg2000,high_compression_cr20,20,imagecodecs-JPEG2000,768,512,3,617995,1179648,5735,107.75850043591979,205.6927637314734,67.24144999186198,29.854432908911555,0.7248211706480175,46.51789995841682,5.986599950119853,C:\Users\gabri\OneDrive\Documentos\UTEC 2026-1\Vision y Reconocimento\pc3\outputs\compressed\jpeg2000\kodim02__high_compression_cr20.jp2,C:\Users\gabri\OneDrive\Documentos\UTEC 2026-1\Vision y Reconocimento\pc3\outputs\reconstructed\jpeg2000\kodim02__high_compression_cr20.png
kodim03.png,jpeg,low_compression_q90,90,Pillow-JPEG,768,512,3,502888,1179648,78539,6.403035434624836,15.019900940933804,6.364605373806423,40.09308879711128,0.9676897193259374,2.629099995829165,7.3584000347182155,C:\Users\gabri\OneDrive\Documentos\UTEC 2026-1\Vision y Reconocimento\pc3\outputs\compressed\jpeg\kodim03__low_compression_q90.jpg,C:\Users\gabri\OneDrive\Documentos\UTEC 2026-1\Vision y Reconocimento\pc3\outputs\reconstructed\jpeg\kodim03__low_compression_q90.png
kodim03.png,jpeg,medium_compression_q60,60,Pillow-JPEG,768,512,3,502888,1179648,32859,15.304421923978209,35.90030128731854,19.293427361382378,35.276709765667995,0.9259943199010428,2.1360000828281045,7.756600040011108,C:\Users\gabri\OneDrive\Documentos\UTEC 2026-1\Vision y Reconocimento\pc3\outputs\compressed\jpeg\kodim03__medium_compression_q60.jpg,C:\Users\gabri\OneDrive\Documentos\UTEC 2026-1\Vision y Reconocimento\pc3\outputs\reconstructed\jpeg\kodim03__medium_compression_q60.png
kodim03.png,jpeg,high_compression_q30,30,Pillow-JPEG,768,512,3,502888,1179648,19522,25.760065567052557,60.42659563569306,33.647574530707466,32.8612659708933,0.8856998667675574,1.8564999336376786,7.830200018361211,C:\Users\gabri\OneDrive\Documentos\UTEC 2026-1\Vision y Reconocimento\pc3\outputs\compressed\jpeg\kodim03__high_compression_q30.jpg,C:\Users\gabri\OneDrive\Documentos\UTEC 2026-1\Vision y Reconocimento\pc3\outputs\reconstructed\jpeg\kodim03__high_compression_q30.png
kodim03.png,jpeg2000,low_compression_cr5,5,imagecodecs-JPEG2000,768,512,3,502888,1179648,208407,2.413009159961038,5.660308914767739,0.497467041015625,51.16316048407687,0.994827228369294,39.72619993146509,28.70160003658384,C:\Users\gabri\OneDrive\Documentos\UTEC 2026-1\Vision y Reconocimento\pc3\outputs\compressed\jpeg2000\kodim03__low_compression_cr5.jp2,C:\Users\gabri\OneDrive\Documentos\UTEC 2026-1\Vision y Reconocimento\pc3\outputs\reconstructed\jpeg2000\kodim03__low_compression_cr5.png
kodim03.png,jpeg2000,medium_compression_cr10,10,imagecodecs-JPEG2000,768,512,3,502888,1179648,194886,2.5804213745471714,6.053015609125334,0.5543780856662326,50.69274306404012,0.994383688439802,38.701800047419965,27.352300006896257,C:\Users\gabri\OneDrive\Documentos\UTEC 2026-1\Vision y Reconocimento\pc3\outputs\compressed\jpeg2000\kodim03__medium_compression_cr10.jp2,C:\Users\gabri\OneDrive\Documentos\UTEC 2026-1\Vision y Reconocimento\pc3\outputs\reconstructed\jpeg2000\kodim03__medium_compression_cr10.png
kodim03.png,jpeg2000,high_compression_cr20,20,imagecodecs-JPEG2000,768,512,3,502888,1179648,4564,110.18580192813322,258.46801051709025,67.32715437147353,29.848901017673057,0.7970740953592784,38.50119991693646,6.0545000014826655,C:\Users\gabri\OneDrive\Documentos\UTEC 2026-1\Vision y Reconocimento\pc3\outputs\compressed\jpeg2000\kodim03__high_compression_cr20.jp2,C:\Users\gabri\OneDrive\Documentos\UTEC 2026-1\Vision y Reconocimento\pc3\outputs\reconstructed\jpeg2000\kodim03__high_compression_cr20.png
kodim04.png,jpeg,low_compression_q90,90,Pillow-JPEG,512,768,3,637432,1179648,101009,6.3106455860368875,11.678642497203219,9.352787441677517,38.42139296505969,0.9564815359073521,3.365800017490983,8.328899974003434,C:\Users\gabri\OneDrive\Documentos\UTEC 2026-1\Vision y Reconocimento\pc3\outputs\compressed\jpeg\kodim04__low_compression_q90.jpg,C:\Users\gabri\OneDrive\Documentos\UTEC 2026-1\Vision y Reconocimento\pc3\outputs\reconstructed\jpeg\kodim04__low_compression_q90.png
kodim04.png,jpeg,medium_compression_q60,60,Pillow-JPEG,512,768,3,637432,1179648,41201,15.47127496905415,28.631538069464334,26.48412322998047,33.900947608922806,0.8989041428534329,2.1793999476358294,7.19180004671216,C:\Users\gabri\OneDrive\Documentos\UTEC 2026-1\Vision y Reconocimento\pc3\outputs\compressed\jpeg\kodim04__medium_compression_q60.jpg,C:\Users\gabri\OneDrive\Documentos\UTEC 2026-1\Vision y Reconocimento\pc3\outputs\reconstructed\jpeg\kodim04__medium_compression_q60.png
kodim04.png,jpeg,high_compression_q30,30,Pillow-JPEG,512,768,3,637432,1179648,23834,26.744650499286735,49.49433582277419,43.91438886854384,31.70473517565847,0.8468256218623896,1.8176999874413013,8.487900020554662,C:\Users\gabri\OneDrive\Documentos\UTEC 2026-1\Vision y Reconocimento\pc3\outputs\compressed\jpeg\kodim04__high_compression_q30.jpg,C:\Users\gabri\OneDrive\Documentos\UTEC 2026-1\Vision y Reconocimento\pc3\outputs\reconstructed\jpeg\kodim04__high_compression_q30.png
kodim04.png,jpeg2000,low_compression_cr5,5,imagecodecs-JPEG2000,512,768,3,637432,1179648,274364,2.3233077225875114,4.299572830254698,0.5230534871419271,50.94534259031515,0.9960741515255934,45.791200012899935,35.291300038807094,C:\Users\gabri\OneDrive\Documentos\UTEC 2026-1\Vision y Reconocimento\pc3\outputs\compressed\jpeg2000\kodim04__low_compression_cr5.jp2,C:\Users\gabri\OneDrive\Documentos\UTEC 2026-1\Vision y Reconocimento\pc3\outputs\reconstructed\jpeg2000\kodim04__low_compression_cr5.png
kodim04.png,jpeg2000,medium_compression_cr10,10,imagecodecs-JPEG2000,512,768,3,637432,1179648,258904,2.4620399839322684,4.556314309551031,0.5839835272894965,50.466797639407346,0.9956672229176798,46.26860003918409,34.095300012268126,C:\Users\gabri\OneDrive\Documentos\UTEC 2026-1\Vision y Reconocimento\pc3\outputs\compressed\jpeg2000\kodim04__medium_compression_cr10.jp2,C:\Users\gabri\OneDrive\Documentos\UTEC 2026-1\Vision y Reconocimento\pc3\outputs\reconstructed\jpeg2000\kodim04__medium_compression_cr10.png
kodim04.png,jpeg2000,high_compression_cr20,20,imagecodecs-JPEG2000,512,768,3,637432,1179648,6772,94.12758417011223,174.19492025989368,70.69503021240234,29.63691476451394,0.7538178016416919,45.686100027523935,7.802500040270388,C:\Users\gabri\OneDrive\Documentos\UTEC 2026-1\Vision y Reconocimento\pc3\outputs\compressed\jpeg2000\kodim04__high_compression_cr20.jp2,C:\Users\gabri\OneDrive\Documentos\UTEC 2026-1\Vision y Reconocimento\pc3\outputs\reconstructed\jpeg2000\kodim04__high_compression_cr20.png
kodim05.png,jpeg,low_compression_q90,90,Pillow-JPEG,768,512,3,785610,1179648,159419,4.927957144380532,7.399670051875875,15.000257703993055,36.369816405815115,0.9760168527720644,3.8174999644979835,8.688799920491874,C:\Users\gabri\OneDrive\Documentos\UTEC 2026-1\Vision y Reconocimento\pc3\outputs\compressed\jpeg\kodim05__low_compression_q90.jpg,C:\Users\gabri\OneDrive\Documentos\UTEC 2026-1\Vision y Reconocimento\pc3\outputs\reconstructed\jpeg\kodim05__low_compression_q90.png
kodim05.png,jpeg,medium_compression_q60,60,Pillow-JPEG,768,512,3,785610,1179648,77243,10.170630348381083,15.2719081340704,58.83644697401259,30.43433922274191,0.9258411484983702,2.66550004016608,7.926099933683872,C:\Users\gabri\OneDrive\Documentos\UTEC 2026-1\Vision y Reconocimento\pc3\outputs\compressed\jpeg\kodim05__medium_compression_q60.jpg,C:\Users\gabri\OneDrive\Documentos\UTEC 2026-1\Vision y Reconocimento\pc3\outputs\reconstructed\jpeg\kodim05__medium_compression_q60.png
kodim05.png,jpeg,high_compression_q30,30,Pillow-JPEG,768,512,3,785610,1179648,49366,15.91398938540696,23.895960782724952,109.63134426540799,27.73145621542989,0.8749719687766161,2.366799977608025,7.831500028260052,C:\Users\gabri\OneDrive\Documentos\UTEC 2026-1\Vision y Reconocimento\pc3\outputs\compressed\jpeg\kodim05__high_compression_q30.jpg,C:\Users\gabri\OneDrive\Documentos\UTEC 2026-1\Vision y Reconocimento\pc3\outputs\reconstructed\jpeg\kodim05__high_compression_q30.png
kodim05.png,jpeg2000,low_compression_cr5,5,imagecodecs-JPEG2000,768,512,3,785610,1179648,352968,2.2257258448357926,3.342082001767866,0.5091603597005209,51.062257762426555,0.9984660496400122,56.319199968129396,44.044600101187825,C:\Users\gabri\OneDrive\Documentos\UTEC 2026-1\Vision y Reconocimento\pc3\outputs\compressed\jpeg2000\kodim05__low_compression_cr5.jp2,C:\Users\gabri\OneDrive\Documentos\UTEC 2026-1\Vision y Reconocimento\pc3\outputs\reconstructed\jpeg2000\kodim05__low_compression_cr5.png
kodim05.png,jpeg2000,medium_compression_cr10,10,imagecodecs-JPEG2000,768,512,3,785610,1179648,338023,2.32413178984862,3.489845365552048,0.5641360812717013,50.6169648345048,0.9983612209070231,56.85759999323636,42.48970001935959,C:\Users\gabri\OneDrive\Documentos\UTEC 2026-1\Vision y Reconocimento\pc3\outputs\compressed\jpeg2000\kodim05__medium_compression_cr10.jp2,C:\Users\gabri\OneDrive\Documentos\UTEC 2026-1\Vision y Reconocimento\pc3\outputs\reconstructed\jpeg2000\kodim05__medium_compression_cr10.png
kodim05.png,jpeg2000,high_compression_cr20,20,imagecodecs-JPEG2000,768,512,3,785610,1179648,46614,16.853520401596086,25.30673188312524,67.48805236816406,29.838534658123727,0.8936942296399076,56.36439996305853,11.579900048673153,C:\Users\gabri\OneDrive\Documentos\UTEC 2026-1\Vision y Reconocimento\pc3\outputs\compressed\jpeg2000\kodim05__high_compression_cr20.jp2,C:\Users\gabri\OneDrive\Documentos\UTEC 2026-1\Vision y Reconocimento\pc3\outputs\reconstructed\jpeg2000\kodim05__high_compression_cr20.png
kodim06.png,jpeg,low_compression_q90,90,Pillow-JPEG,768,512,3,618959,1179648,122945,5.034438163406401,9.594924559762495,10.895173814561632,37.75846197776884,0.9692578286057744,3.309600055217743,9.860599995590746,C:\Users\gabri\OneDrive\Documentos\UTEC 2026-1\Vision y Reconocimento\pc3\outputs\compressed\jpeg\kodim06__low_compression_q90.jpg,C:\Users\gabri\OneDrive\Documentos\UTEC 2026-1\Vision y Reconocimento\pc3\outputs\reconstructed\jpeg\kodim06__low_compression_q90.png
kodim06.png,jpeg,medium_compression_q60,60,Pillow-JPEG,768,512,3,618959,1179648,55087,11.236026648755605,21.414271969793237,41.28140852186415,31.97325853866069,0.9149414546006017,2.4744999827817082,7.474600104615092,C:\Users\gabri\OneDrive\Documentos\UTEC 2026-1\Vision y Reconocimento\pc3\outputs\compressed\jpeg\kodim06__medium_compression_q60.jpg,C:\Users\gabri\OneDrive\Documentos\UTEC 2026-1\Vision y Reconocimento\pc3\outputs\reconstructed\jpeg\kodim06__medium_compression_q60.png
kodim06.png,jpeg,high_compression_q30,30,Pillow-JPEG,768,512,3,618959,1179648,33482,18.48632100830297,35.23230392449675,74.23126475016277,29.424935007552445,0.8629929510203992,2.05360003747046,7.819500053301454,C:\Users\gabri\OneDrive\Documentos\UTEC 2026-1\Vision y Reconocimento\pc3\outputs\compressed\jpeg\kodim06__high_compression_q30.jpg,C:\Users\gabri\OneDrive\Documentos\UTEC 2026-1\Vision y Reconocimento\pc3\outputs\reconstructed\jpeg\kodim06__high_compression_q30.png
kodim06.png,jpeg2000,low_compression_cr5,5,imagecodecs-JPEG2000,768,512,3,618959,1179648,291838,2.120899266031154,4.042132964178757,0.49165259467230904,51.214220253960164,0.9972297220527434,48.68839995469898,36.408300045877695,C:\Users\gabri\OneDrive\Documentos\UTEC 2026-1\Vision y Reconocimento\pc3\outputs\compressed\jpeg2000\kodim06__low_compression_cr5.jp2,C:\Users\gabri\OneDrive\Documentos\UTEC 2026-1\Vision y Reconocimento\pc3\outputs\reconstructed\jpeg2000\kodim06__low_compression_cr5.png
kodim06.png,jpeg2000,medium_compression_cr10,10,imagecodecs-JPEG2000,768,512,3,618959,1179648,277389,2.2313754330561055,4.252684857726875,0.5468182033962674,50.752373972125035,0.9970359541134609,49.379700096324086,35.44500004500151,C:\Users\gabri\OneDrive\Documentos\UTEC 2026-1\Vision y Reconocimento\pc3\outputs\compressed\jpeg2000\kodim06__medium_compression_cr10.jp2,C:\Users\gabri\OneDrive\Documentos\UTEC 2026-1\Vision y Reconocimento\pc3\outputs\reconstructed\jpeg2000\kodim06__medium_compression_cr10.png
kodim06.png,jpeg2000,high_compression_cr20,20,imagecodecs-JPEG2000,768,512,3,618959,1179648,23133,26.756538278649547,50.99416418104007,66.3938251071506,29.90952670755803,0.8384816369291007,47.43030003737658,8.578800014220178,C:\Users\gabri\OneDrive\Documentos\UTEC 2026-1\Vision y Reconocimento\pc3\outputs\compressed\jpeg2000\kodim06__high_compression_cr20.jp2,C:\Users\gabri\OneDrive\Documentos\UTEC 2026-1\Vision y Reconocimento\pc3\outputs\reconstructed\jpeg2000\kodim06__high_compression_cr20.png
kodim07.png,jpeg,low_compression_q90,90,Pillow-JPEG,768,512,3,566322,1179648,90267,6.2738542324437505,13.06843032337399,7.168230692545573,39.57668387248527,0.9736567434484704,2.823699964210391,8.572099963203073,C:\Users\gabri\OneDrive\Documentos\UTEC 2026-1\Vision y Reconocimento\pc3\outputs\compressed\jpeg\kodim07__low_compression_q90.jpg,C:\Users\gabri\OneDrive\Documentos\UTEC 2026-1\Vision y Reconocimento\pc3\outputs\reconstructed\jpeg\kodim07__low_compression_q90.png
kodim07.png,jpeg,medium_compression_q60,60,Pillow-JPEG,768,512,3,566322,1179648,40993,13.815090381284609,28.776815553875053,22.187606811523438,34.66969899762552,0.9431685405619477,2.1240999922156334,9.013600065372884,C:\Users\gabri\OneDrive\Documentos\UTEC 2026-1\Vision y Reconocimento\pc3\outputs\compressed\jpeg\kodim07__medium_compression_q60.jpg,C:\Users\gabri\OneDrive\Documentos\UTEC 2026-1\Vision y Reconocimento\pc3\outputs\reconstructed\jpeg\kodim07__medium_compression_q60.png
kodim07.png,jpeg,high_compression_q30,30,Pillow-JPEG,768,512,3,566322,1179648,26032,21.75484019668101,45.31530424093423,39.91862318250868,32.119048070739865,0.9124441780979061,1.8585999496281147,7.3877000249922276,C:\Users\gabri\OneDrive\Documentos\UTEC 2026-1\Vision y Reconocimento\pc3\outputs\compressed\jpeg\kodim07__high_compression_q30.jpg,C:\Users\gabri\OneDrive\Documentos\UTEC 2026-1\Vision y Reconocimento\pc3\outputs\reconstructed\jpeg\kodim07__high_compression_q30.png
kodim07.png,jpeg2000,low_compression_cr5,5,imagecodecs-JPEG2000,768,512,3,566322,1179648,228254,2.4811043837128812,5.16813725060678,0.5170160929361979,50.9957629946717,0.9959603945688421,41.742100031115115,30.458300025202334,C:\Users\gabri\OneDrive\Documentos\UTEC 2026-1\Vision y Reconocimento\pc3\outputs\compressed\jpeg2000\kodim07__low_compression_cr5.jp2,C:\Users\gabri\OneDrive\Documentos\UTEC 2026-1\Vision y Reconocimento\pc3\outputs\reconstructed\jpeg2000\kodim07__low_compression_cr5.png
kodim07.png,jpeg2000,medium_compression_cr10,10,imagecodecs-JPEG2000,768,512,3,566322,1179648,214055,2.645684520333559,5.510957464203125,0.5738355848524306,50.54292884532239,0.9956788262841506,41.91759997047484,29.569100006483495,C:\Users\gabri\OneDrive\Documentos\UTEC 2026-1\Vision y Reconocimento\pc3\outputs\compressed\jpeg2000\kodim07__medium_compression_cr10.jp2,C:\Users\gabri\OneDrive\Documentos\UTEC 2026-1\Vision y Reconocimento\pc3\outputs\reconstructed\jpeg2000\kodim07__medium_compression_cr10.png
kodim07.png,jpeg2000,high_compression_cr20,20,imagecodecs-JPEG2000,768,512,3,566322,1179648,9630,58.80809968847352,122.49719626168225,70.91083102756076,29.62367785822394,0.8562382781601682,41.34230001363903,7.242799969390035,C:\Users\gabri\OneDrive\Documentos\UTEC 2026-1\Vision y Reconocimento\pc3\outputs\compressed\jpeg2000\kodim07__high_compression_cr20.jp2,C:\Users\gabri\OneDrive\Documentos\UTEC 2026-1\Vision y Reconocimento\pc3\outputs\reconstructed\jpeg2000\kodim07__high_compression_cr20.png
kodim08.png,jpeg,low_compression_q90,90,Pillow-JPEG,768,512,3,788470,1179648,161920,4.8695034584980235,7.285375494071146,15.489106920030382,36.2305398319161,0.9730549140061769,3.999300068244338,8.230700041167438,C:\Users\gabri\OneDrive\Documentos\UTEC 2026-1\Vision y Reconocimento\pc3\outputs\compressed\jpeg\kodim08__low_compression_q90.jpg,C:\Users\gabri\OneDrive\Documentos\UTEC 2026-1\Vision y Reconocimento\pc3\outputs\reconstructed\jpeg\kodim08__low_compression_q90.png
kodim08.png,jpeg,medium_compression_q60,60,Pillow-JPEG,768,512,3,788470,1179648,77249,10.206863519268857,15.270721951093218,61.133076985677086,30.268041053649007,0.9222937910119325,3.7061000475659966,8.28509998973459,C:\Users\gabri\OneDrive\Documentos\UTEC 2026-1\Vision y Reconocimento\pc3\outputs\compressed\jpeg\kodim08__medium_compression_q60.jpg,C:\Users\gabri\OneDrive\Documentos\UTEC 2026-1\Vision y Reconocimento\pc3\outputs\reconstructed\jpeg\kodim08__medium_compression_q60.png
kodim08.png,jpeg,high_compression_q30,30,Pillow-JPEG,768,512,3,788470,1179648,49303,15.992333123745006,23.926495345110844,114.72000291612413,27.534412115046404,0.8767413193858005,2.8534000739455223,8.324599941261113,C:\Users\gabri\OneDrive\Documentos\UTEC 2026-1\Vision y Reconocimento\pc3\outputs\compressed\jpeg\kodim08__high_compression_q30.jpg,C:\Users\gabri\OneDrive\Documentos\UTEC 2026-1\Vision y Reconocimento\pc3\outputs\reconstructed\jpeg\kodim08__high_compression_q30.png
kodim08.png,jpeg2000,low_compression_cr5,5,imagecodecs-JPEG2000,768,512,3,788470,1179648,376860,2.092209308496524,3.1302021971023724,0.5025558471679688,51.11896030558083,0.9985779899721653,59.04630001168698,46.79679998662323,C:\Users\gabri\OneDrive\Documentos\UTEC 2026-1\Vision y Reconocimento\pc3\outputs\compressed\jpeg2000\kodim08__low_compression_cr5.jp2,C:\Users\gabri\OneDrive\Documentos\UTEC 2026-1\Vision y Reconocimento\pc3\outputs\reconstructed\jpeg2000\kodim08__low_compression_cr5.png
kodim08.png,jpeg2000,medium_compression_cr10,10,imagecodecs-JPEG2000,768,512,3,788470,1179648,362068,2.1776848547786605,3.25808411679574,0.5563040839301215,50.67768112680082,0.9984888336543561,58.632100000977516,44.60209992248565,C:\Users\gabri\OneDrive\Documentos\UTEC 2026-1\Vision y Reconocimento\pc3\outputs\compressed\jpeg2000\kodim08__medium_compression_cr10.jp2,C:\Users\gabri\OneDrive\Documentos\UTEC 2026-1\Vision y Reconocimento\pc3\outputs\reconstructed\jpeg2000\kodim08__medium_compression_cr10.png
kodim08.png,jpeg2000,high_compression_cr20,20,imagecodecs-JPEG2000,768,512,3,788470,1179648,47844,16.480018393110942,24.656132430398795,65.17520650227864,29.989979449990358,0.8902466939381181,58.30080003943294,11.334800045005977,C:\Users\gabri\OneDrive\Documentos\UTEC 2026-1\Vision y Reconocimento\pc3\outputs\compressed\jpeg2000\kodim08__high_compression_cr20.jp2,C:\Users\gabri\OneDrive\Documentos\UTEC 2026-1\Vision y Reconocimento\pc3\outputs\reconstructed\jpeg2000\kodim08__high_compression_cr20.png
kodim09.png,jpeg,low_compression_q90,90,Pillow-JPEG,512,768,3,582899,1179648,84664,6.88485070395918,13.933289237456298,7.055396185980903,39.645589548889134,0.954974204044357,2.786400029435754,7.8436000039801,C:\Users\gabri\OneDrive\Documentos\UTEC 2026-1\Vision y Reconocimento\pc3\outputs\compressed\jpeg\kodim09__low_compression_q90.jpg,C:\Users\gabri\OneDrive\Documentos\UTEC 2026-1\Vision y Reconocimento\pc3\outputs\reconstructed\jpeg\kodim09__low_compression_q90.png
kodim09.png,jpeg,medium_compression_q60,60,Pillow-JPEG,512,768,3,582899,1179648,33282,17.51394146986359,35.44402379664684,19.673228793674046,35.192047181727574,0.9206347250353808,1.9470000406727195,7.975000073201954,C:\Users\gabri\OneDrive\Documentos\UTEC 2026-1\Vision y Reconocimento\pc3\outputs\compressed\jpeg\kodim09__medium_compression_q60.jpg,C:\Users\gabri\OneDrive\Documentos\UTEC 2026-1\Vision y Reconocimento\pc3\outputs\reconstructed\jpeg\kodim09__medium_compression_q60.png
kodim09.png,jpeg,high_compression_q30,30,Pillow-JPEG,512,768,3,582899,1179648,20834,27.978256695785735,56.62129211865221,34.274932861328125,32.78103748113385,0.8921414899996832,1.7767000244930387,8.754399954341352,C:\Users\gabri\OneDrive\Documentos\UTEC 2026-1\Vision y Reconocimento\pc3\outputs\compressed\jpeg\kodim09__high_compression_q30.jpg,C:\Users\gabri\OneDrive\Documentos\UTEC 2026-1\Vision y Reconocimento\pc3\outputs\reconstructed\jpeg\kodim09__high_compression_q30.png
kodim09.png,jpeg2000,low_compression_cr5,5,imagecodecs-JPEG2000,512,768,3,582899,1179648,252639,2.3072407664691514,4.669302839229098,0.5466605292426215,50.75362643389311,0.9946818486616245,43.459400068968534,33.12829998321831,C:\Users\gabri\OneDrive\Documentos\UTEC 2026-1\Vision y Reconocimento\pc3\outputs\compressed\jpeg2000\kodim09__low_compression_cr5.jp2,C:\Users\gabri\OneDrive\Documentos\UTEC 2026-1\Vision y Reconocimento\pc3\outputs\reconstructed\jpeg2000\kodim09__low_compression_cr5.png
kodim09.png,jpeg2000,medium_compression_cr10,10,imagecodecs-JPEG2000,512,768,3,582899,1179648,236189,2.467934577816918,4.9945086350338075,0.6124504937065972,50.26009371797038,0.9940231806420976,43.168799951672554,31.856700079515576,C:\Users\gabri\OneDrive\Documentos\UTEC 2026-1\Vision y Reconocimento\pc3\outputs\compressed\jpeg2000\kodim09__medium_compression_cr10.jp2,C:\Users\gabri\OneDrive\Documentos\UTEC 2026-1\Vision y Reconocimento\pc3\outputs\reconstructed\jpeg2000\kodim09__medium_compression_cr10.png
kodim09.png,jpeg2000,high_compression_cr20,20,imagecodecs-JPEG2000,512,768,3,582899,1179648,6155,94.70333062550772,191.65686433793664,67.85634189181857,29.81489917569121,0.8296908575527032,42.41950006689876,6.929999915882945,C:\Users\gabri\OneDrive\Documentos\UTEC 2026-1\Vision y Reconocimento\pc3\outputs\compressed\jpeg2000\kodim09__high_compression_cr20.jp2,C:\Users\gabri\OneDrive\Documentos\UTEC 2026-1\Vision y Reconocimento\pc3\outputs\reconstructed\jpeg2000\kodim09__high_compression_cr20.png
kodim10.png,jpeg,low_compression_q90,90,Pillow-JPEG,512,768,3,593463,1179648,92073,6.44557036264703,12.812094750904174,7.403258429633246,39.43657451063618,0.9590027316405494,3.3656000159680843,10.15619991812855,C:\Users\gabri\OneDrive\Documentos\UTEC 2026-1\Vision y Reconocimento\pc3\outputs\compressed\jpeg\kodim10__low_compression_q90.jpg,C:\Users\gabri\OneDrive\Documentos\UTEC 2026-1\Vision y Reconocimento\pc3\outputs\reconstructed\jpeg\kodim10__low_compression_q90.png
kodim10.png,jpeg,medium_compression_q60,60,Pillow-JPEG,512,768,3,593463,1179648,37592,15.78694935092573,31.380293679506277,20.934588962131077,34.92215922663866,0.917534989182307,2.024300047196448,7.8202999429777265,C:\Users\gabri\OneDrive\Documentos\UTEC 2026-1\Vision y Reconocimento\pc3\outputs\compressed\jpeg\kodim10__medium_compression_q60.jpg,C:\Users\gabri\OneDrive\Documentos\UTEC 2026-1\Vision y Reconocimento\pc3\outputs\reconstructed\jpeg\kodim10__medium_compression_q60.png
kodim10.png,jpeg,high_compression_q30,30,Pillow-JPEG,512,768,3,593463,1179648,22748,26.08857921575523,51.857218216986105,37.3594004313151,32.40680463102703,0.8796415740910528,1.7849999712780118,7.394099957309663,C:\Users\gabri\OneDrive\Documentos\UTEC 2026-1\Vision y Reconocimento\pc3\outputs\compressed\jpeg\kodim10__high_compression_q30.jpg,C:\Users\gabri\OneDrive\Documentos\UTEC 2026-1\Vision y Reconocimento\pc3\outputs\reconstructed\jpeg\kodim10__high_compression_q30.png
kodim10.png,jpeg2000,low_compression_cr5,5,imagecodecs-JPEG2000,512,768,3,593463,1179648,262222,2.2632082739053168,4.498661439543593,0.5427737765842013,50.78461503751782,0.9953696750853206,46.69440002180636,34.203700022771955,C:\Users\gabri\OneDrive\Documentos\UTEC 2026-1\Vision y Reconocimento\pc3\outputs\compressed\jpeg2000\kodim10__low_compression_cr5.jp2,C:\Users\gabri\OneDrive\Documentos\UTEC 2026-1\Vision y Reconocimento\pc3\outputs\reconstructed\jpeg2000\kodim10__low_compression_cr5.png
kodim10.png,jpeg2000,medium_compression_cr10,10,imagecodecs-JPEG2000,512,768,3,593463,1179648,246086,2.4116081369927587,4.793641247368806,0.6066419813368056,50.30147899449743,0.9948476729912419,44.56769989337772,32.865499961189926,C:\Users\gabri\OneDrive\Documentos\UTEC 2026-1\Vision y Reconocimento\pc3\outputs\compressed\jpeg2000\kodim10__medium_compression_cr10.jp2,C:\Users\gabri\OneDrive\Documentos\UTEC 2026-1\Vision y Reconocimento\pc3\outputs\reconstructed\jpeg2000\kodim10__medium_compression_cr10.png
kodim10.png,jpeg2000,high_compression_cr20,20,imagecodecs-JPEG2000,512,768,3,593463,1179648,6659,89.12194023126595,177.1509235620964,67.68792131212022,29.825691836968964,0.7998109480066137,44.28699996788055,6.9046999560669065,C:\Users\gabri\OneDrive\Documentos\UTEC 2026-1\Vision y Reconocimento\pc3\outputs\compressed\jpeg2000\kodim10__high_compression_cr20.jp2,C:\Users\gabri\OneDrive\Documentos\UTEC 2026-1\Vision y Reconocimento\pc3\outputs\reconstructed\jpeg2000\kodim10__high_compression_cr20.png
kodim11.png,jpeg,low_compression_q90,90,Pillow-JPEG,768,512,3,621023,1179648,116187,5.345029994749843,10.153011954865862,10.162179734971788,38.06093489008831,0.9645108132687875,3.20609996560961,8.101599989458919,C:\Users\gabri\OneDrive\Documentos\UTEC 2026-1\Vision y Reconocimento\pc3\outputs\compressed\jpeg\kodim11__low_compression_q90.jpg,C:\Users\gabri\OneDrive\Documentos\UTEC 2026-1\Vision y Reconocimento\pc3\outputs\reconstructed\jpeg\kodim11__low_compression_q90.png
kodim11.png,jpeg,medium_compression_q60,60,Pillow-JPEG,768,512,3,621023,1179648,51042,12.166901767172133,23.111320089338193,36.82853783501519,32.46895884011095,0.9049706392069661,2.2894999710842967,8.066200069151819,C:\Users\gabri\OneDrive\Documentos\UTEC 2026-1\Vision y Reconocimento\pc3\outputs\compressed\jpeg\kodim11__medium_compression_q60.jpg,C:\Users\gabri\OneDrive\Documentos\UTEC 2026-1\Vision y Reconocimento\pc3\outputs\reconstructed\jpeg\kodim11__medium_compression_q60.png
kodim11.png,jpeg,high_compression_q30,30,Pillow-JPEG,768,512,3,621023,1179648,30303,20.493779493779495,38.928422928422926,64.96714104546442,30.003866053153793,0.8492067919799572,1.9577000057324767,8.158399956300855,C:\Users\gabri\OneDrive\Documentos\UTEC 2026-1\Vision y Reconocimento\pc3\outputs\compressed\jpeg\kodim11__high_compression_q30.jpg,C:\Users\gabri\OneDrive\Documentos\UTEC 2026-1\Vision y Reconocimento\pc3\outputs\reconstructed\jpeg\kodim11__high_compression_q30.png
kodim11.png,jpeg2000,low_compression_cr5,5,imagecodecs-JPEG2000,768,512,3,621023,1179648,283659,2.1893294413362523,4.1586834896830345,0.49026574028862846,51.22648815007929,0.9969832286662119,47.79059998691082,36.175500019453466,C:\Users\gabri\OneDrive\Documentos\UTEC 2026-1\Vision y Reconocimento\pc3\outputs\compressed\jpeg2000\kodim11__low_compression_cr5.jp2,C:\Users\gabri\OneDrive\Documentos\UTEC 2026-1\Vision y Reconocimento\pc3\outputs\reconstructed\jpeg2000\kodim11__low_compression_cr5.png
kodim11.png,jpeg2000,medium_compression_cr10,10,imagecodecs-JPEG2000,768,512,3,621023,1179648,268942,2.3091335678324696,4.386254285310588,0.5436392890082465,50.777695250537896,0.9967846181111292,49.943899968639016,34.9211998982355,C:\Users\gabri\OneDrive\Documentos\UTEC 2026-1\Vision y Reconocimento\pc3\outputs\compressed\jpeg2000\kodim11__medium_compression_cr10.jp2,C:\Users\gabri\OneDrive\Documentos\UTEC 2026-1\Vision y Reconocimento\pc3\outputs\reconstructed\jpeg2000\kodim11__medium_compression_cr10.png
kodim11.png,jpeg2000,high_compression_cr20,20,imagecodecs-JPEG2000,768,512,3,621023,1179648,18172,34.174719348448164,64.91569447501651,66.67357126871745,29.89126642794114,0.7924482201645983,47.612200025469065,8.042900008149445,C:\Users\gabri\OneDrive\Documentos\UTEC 2026-1\Vision y Reconocimento\pc3\outputs\compressed\jpeg2000\kodim11__high_compression_cr20.jp2,C:\Users\gabri\OneDrive\Documentos\UTEC 2026-1\Vision y Reconocimento\pc3\outputs\reconstructed\jpeg2000\kodim11__high_compression_cr20.png
kodim12.png,jpeg,low_compression_q90,90,Pillow-JPEG,768,512,3,531024,1179648,86753,6.121102440261432,13.597777598469218,6.678792317708333,39.88382421921156,0.9603541742858758,3.0532999662682414,8.262800052762032,C:\Users\gabri\OneDrive\Documentos\UTEC 2026-1\Vision y Reconocimento\pc3\outputs\compressed\jpeg\kodim12__low_compression_q90.jpg,C:\Users\gabri\OneDrive\Documentos\UTEC 2026-1\Vision y Reconocimento\pc3\outputs\reconstructed\jpeg\kodim12__low_compression_q90.png
kodim12.png,jpeg,medium_compression_q60,60,Pillow-JPEG,768,512,3,531024,1179648,34840,15.24179104477612,33.85901262916188,19.247801038953995,35.286992400726284,0.911807278583255,2.126400009728968,7.921100012026727,C:\Users\gabri\OneDrive\Documentos\UTEC 2026-1\Vision y Reconocimento\pc3\outputs\compressed\jpeg\kodim12__medium_compression_q60.jpg,C:\Users\gabri\OneDrive\Documentos\UTEC 2026-1\Vision y Reconocimento\pc3\outputs\reconstructed\jpeg\kodim12__medium_compression_q60.png
kodim12.png,jpeg,high_compression_q30,30,Pillow-JPEG,768,512,3,531024,1179648,20247,26.227292932286264,58.262853756112015,34.08497958713107,32.80517322624355,0.8661027174500137,1.797799952328205,8.009299985133111,C:\Users\gabri\OneDrive\Documentos\UTEC 2026-1\Vision y Reconocimento\pc3\outputs\compressed\jpeg\kodim12__high_compression_q30.jpg,C:\Users\gabri\OneDrive\Documentos\UTEC 2026-1\Vision y Reconocimento\pc3\outputs\reconstructed\jpeg\kodim12__high_compression_q30.png
kodim12.png,jpeg2000,low_compression_cr5,5,imagecodecs-JPEG2000,768,512,3,531024,1179648,234826,2.2613509577304045,5.023498249767913,0.5069893731011285,51.08081504595538,0.9953270020714228,41.6977999266237,31.04969998821616,C:\Users\gabri\OneDrive\Documentos\UTEC 2026-1\Vision y Reconocimento\pc3\outputs\compressed\jpeg2000\kodim12__low_compression_cr5.jp2,C:\Users\gabri\OneDrive\Documentos\UTEC 2026-1\Vision y Reconocimento\pc3\outputs\reconstructed\jpeg2000\kodim12__low_compression_cr5.png
kodim12.png,jpeg2000,medium_compression_cr10,10,imagecodecs-JPEG2000,768,512,3,531024,1179648,221254,2.4000650835691104,5.331645981541577,0.5656687418619791,50.60518180027316,0.9948694273277495,41.77200002595782,29.889299999922514,C:\Users\gabri\OneDrive\Documentos\UTEC 2026-1\Vision y Reconocimento\pc3\outputs\compressed\jpeg2000\kodim12__medium_compression_cr10.jp2,C:\Users\gabri\OneDrive\Documentos\UTEC 2026-1\Vision y Reconocimento\pc3\outputs\reconstructed\jpeg2000\kodim12__medium_compression_cr10.png
kodim12.png,jpeg2000,high_compression_cr20,20,imagecodecs-JPEG2000,768,512,3,531024,1179648,4417,120.22277563957437,267.06995698437856,67.18871646457248,29.857840162163043,0.7546223100455757,41.58160008955747,6.481799995526671,C:\Users\gabri\OneDrive\Documentos\UTEC 2026-1\Vision y Reconocimento\pc3\outputs\compressed\jpeg2000\kodim12__high_compression_cr20.jp2,C:\Users\gabri\OneDrive\Documentos\UTEC 2026-1\Vision y Reconocimento\pc3\outputs\reconstructed\jpeg2000\kodim12__high_compression_cr20.png
kodim13.png,jpeg,low_compression_q90,90,Pillow-JPEG,768,512,3,822712,1179648,184803,4.451832491896776,6.383272998814954,19.05250973171658,35.33128168738497,0.9720957919561496,4.316100035794079,8.318100008182228,C:\Users\gabri\OneDrive\Documentos\UTEC 2026-1\Vision y Reconocimento\pc3\outputs\compressed\jpeg\kodim13__low_compression_q90.jpg,C:\Users\gabri\OneDrive\Documentos\UTEC 2026-1\Vision y Reconocimento\pc3\outputs\reconstructed\jpeg\kodim13__low_compression_q90.png
kodim13.png,jpeg,medium_compression_q60,60,Pillow-JPEG,768,512,3,822712,1179648,85037,9.674753342662605,13.87217328927408,92.64665815565321,28.462506023045698,0.8933305490427363,2.8609000146389008,7.9416000517085195,C:\Users\gabri\OneDrive\Documentos\UTEC 2026-1\Vision y Reconocimento\pc3\outputs\compressed\jpeg\kodim13__medium_compression_q60.jpg,C:\Users\gabri\OneDrive\Documentos\UTEC 2026-1\Vision y Reconocimento\pc3\outputs\reconstructed\jpeg\kodim13__medium_compression_q60.png
kodim13.png,jpeg,high_compression_q30,30,Pillow-JPEG,768,512,3,822712,1179648,51716,15.90826823420218,22.810116791708563,167.78888108995227,25.883171829287054,0.8254004911923225,2.978399978019297,7.897300063632429,C:\Users\gabri\OneDrive\Documentos\UTEC 2026-1\Vision y Reconocimento\pc3\outputs\compressed\jpeg\kodim13__high_compression_q30.jpg,C:\Users\gabri\OneDrive\Documentos\UTEC 2026-1\Vision y Reconocimento\pc3\outputs\reconstructed\jpeg\kodim13__high_compression_q30.png
kodim13.png,jpeg2000,low_compression_cr5,5,imagecodecs-JPEG2000,768,512,3,822712,1179648,411026,2.001605737836536,2.870008223324072,0.4918840196397569,51.212176474669604,0.9989583520743163,61.44409999251366,48.25130000244826,C:\Users\gabri\OneDrive\Documentos\UTEC 2026-1\Vision y Reconocimento\pc3\outputs\compressed\jpeg2000\kodim13__low_compression_cr5.jp2,C:\Users\gabri\OneDrive\Documentos\UTEC 2026-1\Vision y Reconocimento\pc3\outputs\reconstructed\jpeg2000\kodim13__low_compression_cr5.png
kodim13.png,jpeg2000,medium_compression_cr10,10,imagecodecs-JPEG2000,768,512,3,822712,1179648,395951,2.0778126586370536,2.9792777389121383,0.5456331041124132,50.76179649334574,0.9988787911972369,63.96880000829697,46.870100079104304,C:\Users\gabri\OneDrive\Documentos\UTEC 2026-1\Vision y Reconocimento\pc3\outputs\compressed\jpeg2000\kodim13__medium_compression_cr10.jp2,C:\Users\gabri\OneDrive\Documentos\UTEC 2026-1\Vision y Reconocimento\pc3\outputs\reconstructed\jpeg2000\kodim13__medium_compression_cr10.png
kodim13.png,jpeg2000,high_compression_cr20,20,imagecodecs-JPEG2000,768,512,3,822712,1179648,70581,11.656281435513806,16.713393122795086,65.93888770209418,29.939387439466877,0.8905096090954135,60.80840004142374,13.551899930462241,C:\Users\gabri\OneDrive\Documentos\UTEC 2026-1\Vision y Reconocimento\pc3\outputs\compressed\jpeg2000\kodim13__high_compression_cr20.jp2,C:\Users\gabri\OneDrive\Documentos\UTEC 2026-1\Vision y Reconocimento\pc3\outputs\reconstructed\jpeg2000\kodim13__high_compression_cr20.png
kodim14.png,jpeg,low_compression_q90,90,Pillow-JPEG,768,512,3,692201,1179648,141307,4.898561288541969,8.348121466027868,15.224852667914497,36.30527262244202,0.9649766655262906,4.3518999591469765,9.221200016327202,C:\Users\gabri\OneDrive\Documentos\UTEC 2026-1\Vision y Reconocimento\pc3\outputs\compressed\jpeg\kodim14__low_compression_q90.jpg,C:\Users\gabri\OneDrive\Documentos\UTEC 2026-1\Vision y Reconocimento\pc3\outputs\reconstructed\jpeg\kodim14__low_compression_q90.png
kodim14.png,jpeg,medium_compression_q60,60,Pillow-JPEG,768,512,3,692201,1179648,63313,10.932999541958207,18.6320029061962,51.427970038519966,31.018809786519782,0.9006690435059399,2.5637999642640352,8.882699999958277,C:\Users\gabri\OneDrive\Documentos\UTEC 2026-1\Vision y Reconocimento\pc3\outputs\compressed\jpeg\kodim14__medium_compression_q60.jpg,C:\Users\gabri\OneDrive\Documentos\UTEC 2026-1\Vision y Reconocimento\pc3\outputs\reconstructed\jpeg\kodim14__medium_compression_q60.png
kodim14.png,jpeg,high_compression_q30,30,Pillow-JPEG,768,512,3,692201,1179648,38448,18.0035632542655,30.681647940074907,87.1801045735677,28.726629752445593,0.8440426993900122,2.1442000288516283,7.962599978782237,C:\Users\gabri\OneDrive\Documentos\UTEC 2026-1\Vision y Reconocimento\pc3\outputs\compressed\jpeg\kodim14__high_compression_q30.jpg,C:\Users\gabri\OneDrive\Documentos\UTEC 2026-1\Vision y Reconocimento\pc3\outputs\reconstructed\jpeg\kodim14__high_compression_q30.png
kodim14.png,jpeg2000,low_compression_cr5,5,imagecodecs-JPEG2000,768,512,3,692201,1179648,328798,2.1052469905534705,3.5877590496292555,0.49518076578776044,51.18316593746136,0.997965088618777,53.782899980433285,41.37759993318468,C:\Users\gabri\OneDrive\Documentos\UTEC 2026-1\Vision y Reconocimento\pc3\outputs\compressed\jpeg2000\kodim14__low_compression_cr5.jp2,C:\Users\gabri\OneDrive\Documentos\UTEC 2026-1\Vision y Reconocimento\pc3\outputs\reconstructed\jpeg2000\kodim14__low_compression_cr5.png
kodim14.png,jpeg2000,medium_compression_cr10,10,imagecodecs-JPEG2000,768,512,3,692201,1179648,314261,2.2026309341598225,3.7537206334861786,0.5514255099826388,50.71593507352734,0.9978067914844785,54.999399930238724,42.7251000655815,C:\Users\gabri\OneDrive\Documentos\UTEC 2026-1\Vision y Reconocimento\pc3\outputs\compressed\jpeg2000\kodim14__medium_compression_cr10.jp2,C:\Users\gabri\OneDrive\Documentos\UTEC 2026-1\Vision y Reconocimento\pc3\outputs\reconstructed\jpeg2000\kodim14__medium_compression_cr10.png
kodim14.png,jpeg2000,high_compression_cr20,20,imagecodecs-JPEG2000,768,512,3,692201,1179648,30219,22.906151758827228,39.036632582150304,67.73139529758029,29.822903385053397,0.829605665832147,53.440800053067505,9.718299959786236,C:\Users\gabri\OneDrive\Documentos\UTEC 2026-1\Vision y Reconocimento\pc3\outputs\compressed\jpeg2000\kodim14__high_compression_cr20.jp2,C:\Users\gabri\OneDrive\Documentos\UTEC 2026-1\Vision y Reconocimento\pc3\outputs\reconstructed\jpeg2000\kodim14__high_compression_cr20.png
kodim15.png,jpeg,low_compression_q90,90,Pillow-JPEG,768,512,3,612582,1179648,92168,6.646363162919886,12.798888985331134,9.312615288628471,38.44008698584823,0.9559106452781915,3.021299955435097,7.8758999006822705,C:\Users\gabri\OneDrive\Documentos\UTEC 2026-1\Vision y Reconocimento\pc3\outputs\compressed\jpeg\kodim15__low_compression_q90.jpg,C:\Users\gabri\OneDrive\Documentos\UTEC 2026-1\Vision y Reconocimento\pc3\outputs\reconstructed\jpeg\kodim15__low_compression_q90.png
kodim15.png,jpeg,medium_compression_q60,60,Pillow-JPEG,768,512,3,612582,1179648,37616,16.28514461931093,31.360272224585284,27.27256351047092,33.77354399085926,0.9020130905988144,2.1714000031352043,8.188300067558885,C:\Users\gabri\OneDrive\Documentos\UTEC 2026-1\Vision y Reconocimento\pc3\outputs\compressed\jpeg\kodim15__medium_compression_q60.jpg,C:\Users\gabri\OneDrive\Documentos\UTEC 2026-1\Vision y Reconocimento\pc3\outputs\reconstructed\jpeg\kodim15__medium_compression_q60.png
kodim15.png,jpeg,high_compression_q30,30,Pillow-JPEG,768,512,3,612582,1179648,22284,27.48976844372644,52.93699515347335,45.746486239963104,31.52722619081817,0.8569937035933205,1.9122000085189939,8.20209993980825,C:\Users\gabri\OneDrive\Documentos\UTEC 2026-1\Vision y Reconocimento\pc3\outputs\compressed\jpeg\kodim15__high_compression_q30.jpg,C:\Users\gabri\OneDrive\Documentos\UTEC 2026-1\Vision y Reconocimento\pc3\outputs\reconstructed\jpeg\kodim15__high_compression_q30.png
kodim15.png,jpeg2000,low_compression_cr5,5,imagecodecs-JPEG2000,768,512,3,612582,1179648,252232,2.4286450569317135,4.6768371975007135,0.5229890611436632,50.94587755623252,0.9949943706277735,44.61099999025464,32.936800038442016,C:\Users\gabri\OneDrive\Documentos\UTEC 2026-1\Vision y Reconocimento\pc3\outputs\compressed\jpeg2000\kodim15__low_compression_cr5.jp2,C:\Users\gabri\OneDrive\Documentos\UTEC 2026-1\Vision y Reconocimento\pc3\outputs\reconstructed\jpeg2000\kodim15__low_compression_cr5.png
kodim15.png,jpeg2000,medium_compression_cr10,10,imagecodecs-JPEG2000,768,512,3,612582,1179648,237162,2.582968603739216,4.974017760012144,0.5845124986436632,50.46286558742268,0.9944452161649182,45.66699999850243,32.64280001167208,C:\Users\gabri\OneDrive\Documentos\UTEC 2026-1\Vision y Reconocimento\pc3\outputs\compressed\jpeg2000\kodim15__medium_compression_cr10.jp2,C:\Users\gabri\OneDrive\Documentos\UTEC 2026-1\Vision y Reconocimento\pc3\outputs\reconstructed\jpeg2000\kodim15__medium_compression_cr10.png
kodim15.png,jpeg2000,high_compression_cr20,20,imagecodecs-JPEG2000,768,512,3,612582,1179648,7186,85.24659059281937,164.15919844141385,67.44905938042535,29.84104463327582,0.787536494254343,44.259199989028275,6.685800035484135,C:\Users\gabri\OneDrive\Documentos\UTEC 2026-1\Vision y Reconocimento\pc3\outputs\compressed\jpeg2000\kodim15__high_compression_cr20.jp2,C:\Users\gabri\OneDrive\Documentos\UTEC 2026-1\Vision y Reconocimento\pc3\outputs\reconstructed\jpeg2000\kodim15__high_compression_cr20.png
kodim16.png,jpeg,low_compression_q90,90,Pillow-JPEG,768,512,3,534247,1179648,98003,5.451333122455435,12.036856014611798,7.4674224853515625,39.399096377080895,0.9677892326978411,2.9001999646425247,7.738600019365549,C:\Users\gabri\OneDrive\Documentos\UTEC 2026-1\Vision y Reconocimento\pc3\outputs\compressed\jpeg\kodim16__low_compression_q90.jpg,C:\Users\gabri\OneDrive\Documentos\UTEC 2026-1\Vision y Reconocimento\pc3\outputs\reconstructed\jpeg\kodim16__low_compression_q90.png
kodim16.png,jpeg,medium_compression_q60,60,Pillow-JPEG,768,512,3,534247,1179648,41182,12.972827934534505,28.644747705308145,24.89572991265191,34.169554970814985,0.917173862957038,2.2113999584689736,7.820999948307872,C:\Users\gabri\OneDrive\Documentos\UTEC 2026-1\Vision y Reconocimento\pc3\outputs\compressed\jpeg\kodim16__medium_compression_q60.jpg,C:\Users\gabri\OneDrive\Documentos\UTEC 2026-1\Vision y Reconocimento\pc3\outputs\reconstructed\jpeg\kodim16__medium_compression_q60.png
kodim16.png,jpeg,high_compression_q30,30,Pillow-JPEG,768,512,3,534247,1179648,24136,22.134860788863108,48.87504143188598,43.45720672607422,31.75018552883371,0.8674488054421042,2.134599955752492,8.943199994973838,C:\Users\gabri\OneDrive\Documentos\UTEC 2026-1\Vision y Reconocimento\pc3\outputs\compressed\jpeg\kodim16__high_compression_q30.jpg,C:\Users\gabri\OneDrive\Documentos\UTEC 2026-1\Vision y Reconocimento\pc3\outputs\reconstructed\jpeg\kodim16__high_compression_q30.png
kodim16.png,jpeg2000,low_compression_cr5,5,imagecodecs-JPEG2000,768,512,3,534247,1179648,244330,2.1865796259157695,4.828093152703311,0.5035044352213541,51.110770603900384,0.9961451580629461,42.648800066672266,31.030199956148863,C:\Users\gabri\OneDrive\Documentos\UTEC 2026-1\Vision y Reconocimento\pc3\outputs\compressed\jpeg2000\kodim16__low_compression_cr5.jp2,C:\Users\gabri\OneDrive\Documentos\UTEC 2026-1\Vision y Reconocimento\pc3\outputs\reconstructed\jpeg2000\kodim16__low_compression_cr5.png
kodim16.png,jpeg2000,medium_compression_cr10,10,imagecodecs-JPEG2000,768,512,3,534247,1179648,230120,2.3216017729880063,5.126229793151399,0.5586607191297743,50.65932224794871,0.9958546689009248,43.00649999640882,29.915299965068698,C:\Users\gabri\OneDrive\Documentos\UTEC 2026-1\Vision y Reconocimento\pc3\outputs\compressed\jpeg2000\kodim16__medium_compression_cr10.jp2,C:\Users\gabri\OneDrive\Documentos\UTEC 2026-1\Vision y Reconocimento\pc3\outputs\reconstructed\jpeg2000\kodim16__medium_compression_cr10.png
kodim16.png,jpeg2000,high_compression_cr20,20,imagecodecs-JPEG2000,768,512,3,534247,1179648,8076,66.1524269440317,146.06835066864784,67.77117072211371,29.82035372885222,0.7789630727083948,43.839900055900216,6.468500010669231,C:\Users\gabri\OneDrive\Documentos\UTEC 2026-1\Vision y Reconocimento\pc3\outputs\compressed\jpeg2000\kodim16__high_compression_cr20.jp2,C:\Users\gabri\OneDrive\Documentos\UTEC 2026-1\Vision y Reconocimento\pc3\outputs\reconstructed\jpeg2000\kodim16__high_compression_cr20.png
kodim17.png,jpeg,low_compression_q90,90,Pillow-JPEG,512,768,3,602078,1179648,98049,6.14058276983957,12.031208885353243,7.847328186035156,39.18358545087573,0.9661823016684541,2.917099976912141,8.288400014862418,C:\Users\gabri\OneDrive\Documentos\UTEC 2026-1\Vision y Reconocimento\pc3\outputs\compressed\jpeg\kodim17__low_compression_q90.jpg,C:\Users\gabri\OneDrive\Documentos\UTEC 2026-1\Vision y Reconocimento\pc3\outputs\reconstructed\jpeg\kodim17__low_compression_q90.png
kodim17.png,jpeg,medium_compression_q60,60,Pillow-JPEG,512,768,3,602078,1179648,41632,14.461904304381246,28.33512682551883,23.632891337076824,34.39563502759806,0.927214431487378,2.1749999141320586,8.08209995739162,C:\Users\gabri\OneDrive\Documentos\UTEC 2026-1\Vision y Reconocimento\pc3\outputs\compressed\jpeg\kodim17__medium_compression_q60.jpg,C:\Users\gabri\OneDrive\Documentos\UTEC 2026-1\Vision y Reconocimento\pc3\outputs\reconstructed\jpeg\kodim17__medium_compression_q60.png
kodim17.png,jpeg,high_compression_q30,30,Pillow-JPEG,512,768,3,602078,1179648,25344,23.756234217171716,46.54545454545455,41.29951900906033,31.97135367151639,0.8893796174442085,1.860499964095652,7.844200008548796,C:\Users\gabri\OneDrive\Documentos\UTEC 2026-1\Vision y Reconocimento\pc3\outputs\compressed\jpeg\kodim17__high_compression_q30.jpg,C:\Users\gabri\OneDrive\Documentos\UTEC 2026-1\Vision y Reconocimento\pc3\outputs\reconstructed\jpeg\kodim17__high_compression_q30.png
kodim17.png,jpeg2000,low_compression_cr5,5,imagecodecs-JPEG2000,512,768,3,602078,1179648,262770,2.291273737489059,4.4892795981276405,0.535079108344184,50.846623661783916,0.9960129751764165,44.34100002981722,33.895600005052984,C:\Users\gabri\OneDrive\Documentos\UTEC 2026-1\Vision y Reconocimento\pc3\outputs\compressed\jpeg2000\kodim17__low_compression_cr5.jp2,C:\Users\gabri\OneDrive\Documentos\UTEC 2026-1\Vision y Reconocimento\pc3\outputs\reconstructed\jpeg2000\kodim17__low_compression_cr5.png
kodim17.png,jpeg2000,medium_compression_cr10,10,imagecodecs-JPEG2000,512,768,3,602078,1179648,246581,2.4417047542186947,4.784018233359424,0.5994211832682291,50.353482742203454,0.9955893149080896,44.4031999213621,32.717599999159575,C:\Users\gabri\OneDrive\Documentos\UTEC 2026-1\Vision y Reconocimento\pc3\outputs\compressed\jpeg2000\kodim17__medium_compression_cr10.jp2,C:\Users\gabri\OneDrive\Documentos\UTEC 2026-1\Vision y Reconocimento\pc3\outputs\reconstructed\jpeg2000\kodim17__medium_compression_cr10.png
kodim17.png,jpeg2000,high_compression_cr20,20,imagecodecs-JPEG2000,512,768,3,602078,1179648,8044,74.84808552958727,146.6494281452014,68.78272077772353,29.756010100364463,0.805462726104865,43.588100001215935,7.383199990727007,C:\Users\gabri\OneDrive\Documentos\UTEC 2026-1\Vision y Reconocimento\pc3\outputs\compressed\jpeg2000\kodim17__high_compression_cr20.jp2,C:\Users\gabri\OneDrive\Documentos\UTEC 2026-1\Vision y Reconocimento\pc3\outputs\reconstructed\jpeg2000\kodim17__high_compression_cr20.png
kodim18.png,jpeg,low_compression_q90,90,Pillow-JPEG,512,768,3,780947,1179648,139299,5.606264223002319,8.468459931514225,15.067261589898003,36.35046032538871,0.9574783482150102,3.5065999254584312,8.201300050131977,C:\Users\gabri\OneDrive\Documentos\UTEC 2026-1\Vision y Reconocimento\pc3\outputs\compressed\jpeg\kodim18__low_compression_q90.jpg,C:\Users\gabri\OneDrive\Documentos\UTEC 2026-1\Vision y Reconocimento\pc3\outputs\reconstructed\jpeg\kodim18__low_compression_q90.png
kodim18.png,jpeg,medium_compression_q60,60,Pillow-JPEG,512,768,3,780947,1179648,61282,12.743497274893118,19.249502300838746,51.118809170193146,31.044996326353637,0.897363437329537,2.433899906463921,7.170199998654425,C:\Users\gabri\OneDrive\Documentos\UTEC 2026-1\Vision y Reconocimento\pc3\outputs\compressed\jpeg\kodim18__medium_compression_q60.jpg,C:\Users\gabri\OneDrive\Documentos\UTEC 2026-1\Vision y Reconocimento\pc3\outputs\reconstructed\jpeg\kodim18__medium_compression_q60.png
kodim18.png,jpeg,high_compression_q30,30,Pillow-JPEG,512,768,3,780947,1179648,36908,21.159287959250026,31.961851089194756,89.72381422254774,28.60172633400189,0.8453507378364762,2.6196000399068,7.980900001712143,C:\Users\gabri\OneDrive\Documentos\UTEC 2026-1\Vision y Reconocimento\pc3\outputs\compressed\jpeg\kodim18__high_compression_q30.jpg,C:\Users\gabri\OneDrive\Documentos\UTEC 2026-1\Vision y Reconocimento\pc3\outputs\reconstructed\jpeg\kodim18__high_compression_q30.png
kodim18.png,jpeg2000,low_compression_cr5,5,imagecodecs-JPEG2000,512,768,3,780947,1179648,370518,2.1077167640978307,3.1837805450747334,0.5392896864149306,50.812582461163956,0.997301523714427,57.08279996179044,44.97889999765903,C:\Users\gabri\OneDrive\Documentos\UTEC 2026-1\Vision y Reconocimento\pc3\outputs\compressed\jpeg2000\kodim18__low_compression_cr5.jp2,C:\Users\gabri\OneDrive\Documentos\UTEC 2026-1\Vision y Reconocimento\pc3\outputs\reconstructed\jpeg2000\kodim18__low_compression_cr5.png
kodim18.png,jpeg2000,medium_compression_cr10,10,imagecodecs-JPEG2000,512,768,3,780947,1179648,355380,2.197498452360853,3.3193989532331587,0.5964016384548612,50.37541532976746,0.9970842073378255,57.379899895749986,43.98469999432564,C:\Users\gabri\OneDrive\Documentos\UTEC 2026-1\Vision y Reconocimento\pc3\outputs\compressed\jpeg2000\kodim18__medium_compression_cr10.jp2,C:\Users\gabri\OneDrive\Documentos\UTEC 2026-1\Vision y Reconocimento\pc3\outputs\reconstructed\jpeg2000\kodim18__medium_compression_cr10.png
kodim18.png,jpeg2000,high_compression_cr20,20,imagecodecs-JPEG2000,512,768,3,780947,1179648,32225,24.234197051978278,36.60660977501939,67.0164811876085,29.868987401278957,0.8428290009378001,57.650200091302395,9.89260000642389,C:\Users\gabri\OneDrive\Documentos\UTEC 2026-1\Vision y Reconocimento\pc3\outputs\compressed\jpeg2000\kodim18__high_compression_cr20.jp2,C:\Users\gabri\OneDrive\Documentos\UTEC 2026-1\Vision y Reconocimento\pc3\outputs\reconstructed\jpeg2000\kodim18__high_compression_cr20.png
kodim19.png,jpeg,low_compression_q90,90,Pillow-JPEG,512,768,3,671476,1179648,112434,5.972179234039525,10.491915256950744,9.802393595377604,38.21748224120727,0.9622148602009016,5.159500055015087,10.55769994854927,C:\Users\gabri\OneDrive\Documentos\UTEC 2026-1\Vision y Reconocimento\pc3\outputs\compressed\jpeg\kodim19__low_compression_q90.jpg,C:\Users\gabri\OneDrive\Documentos\UTEC 2026-1\Vision y Reconocimento\pc3\outputs\reconstructed\jpeg\kodim19__low_compression_q90.png
kodim19.png,jpeg,medium_compression_q60,60,Pillow-JPEG,512,768,3,671476,1179648,47006,14.284899800025528,25.095689911926137,31.9464594523112,33.08657627497982,0.9091766780279494,2.634999924339354,8.142100065015256,C:\Users\gabri\OneDrive\Documentos\UTEC 2026-1\Vision y Reconocimento\pc3\outputs\compressed\jpeg\kodim19__medium_compression_q60.jpg,C:\Users\gabri\OneDrive\Documentos\UTEC 2026-1\Vision y Reconocimento\pc3\outputs\reconstructed\jpeg\kodim19__medium_compression_q60.png
kodim19.png,jpeg,high_compression_q30,30,Pillow-JPEG,512,768,3,671476,1179648,28221,23.793487119520925,41.80036143297544,55.44699266221788,30.692023650377852,0.8638212533963693,2.0490000024437904,6.96220004465431,C:\Users\gabri\OneDrive\Documentos\UTEC 2026-1\Vision y Reconocimento\pc3\outputs\compressed\jpeg\kodim19__high_compression_q30.jpg,C:\Users\gabri\OneDrive\Documentos\UTEC 2026-1\Vision y Reconocimento\pc3\outputs\reconstructed\jpeg\kodim19__high_compression_q30.png
kodim19.png,jpeg2000,low_compression_cr5,5,imagecodecs-JPEG2000,512,768,3,671476,1179648,299260,2.2437880104257166,3.9418833121700194,0.5491748385959201,50.73369729807336,0.9961168304398226,47.700900002382696,37.90700004901737,C:\Users\gabri\OneDrive\Documentos\UTEC 2026-1\Vision y Reconocimento\pc3\outputs\compressed\jpeg2000\kodim19__low_compression_cr5.jp2,C:\Users\gabri\OneDrive\Documentos\UTEC 2026-1\Vision y Reconocimento\pc3\outputs\reconstructed\jpeg2000\kodim19__low_compression_cr5.png
kodim19.png,jpeg2000,medium_compression_cr10,10,imagecodecs-JPEG2000,512,768,3,671476,1179648,283556,2.3680542820465798,4.16019410627883,0.6093682183159722,50.282005610796,0.9957262075298233,48.831299995072186,36.385999992489815,C:\Users\gabri\OneDrive\Documentos\UTEC 2026-1\Vision y Reconocimento\pc3\outputs\compressed\jpeg2000\kodim19__medium_compression_cr10.jp2,C:\Users\gabri\OneDrive\Documentos\UTEC 2026-1\Vision y Reconocimento\pc3\outputs\reconstructed\jpeg2000\kodim19__medium_compression_cr10.png
kodim19.png,jpeg2000,high_compression_cr20,20,imagecodecs-JPEG2000,512,768,3,671476,1179648,13678,49.0916800701857,86.2441877467466,65.86853366427951,29.944023653875366,0.8021451136816822,48.669599927961826,8.87050002347678,C:\Users\gabri\OneDrive\Documentos\UTEC 2026-1\Vision y Reconocimento\pc3\outputs\compressed\jpeg2000\kodim19__high_compression_cr20.jp2,C:\Users\gabri\OneDrive\Documentos\UTEC 2026-1\Vision y Reconocimento\pc3\outputs\reconstructed\jpeg2000\kodim19__high_compression_cr20.png
kodim20.png,jpeg,low_compression_q90,90,Pillow-JPEG,768,512,3,492462,1179648,77829,6.32748718344062,15.156920942065296,8.22345225016276,38.98026185852671,0.9594014675405479,2.646600012667477,8.518400019966066,C:\Users\gabri\OneDrive\Documentos\UTEC 2026-1\Vision y Reconocimento\pc3\outputs\compressed\jpeg\kodim20__low_compression_q90.jpg,C:\Users\gabri\OneDrive\Documentos\UTEC 2026-1\Vision y Reconocimento\pc3\outputs\reconstructed\jpeg\kodim20__low_compression_q90.png
kodim20.png,jpeg,medium_compression_q60,60,Pillow-JPEG,768,512,3,492462,1179648,33067,14.892853902682432,35.67447908791242,24.504227532280815,34.238393444398135,0.9205299001364051,2.0158999832347035,8.043400011956692,C:\Users\gabri\OneDrive\Documentos\UTEC 2026-1\Vision y Reconocimento\pc3\outputs\compressed\jpeg\kodim20__medium_compression_q60.jpg,C:\Users\gabri\OneDrive\Documentos\UTEC 2026-1\Vision y Reconocimento\pc3\outputs\reconstructed\jpeg\kodim20__medium_compression_q60.png
kodim20.png,jpeg,high_compression_q30,30,Pillow-JPEG,768,512,3,492462,1179648,20546,23.96875304195464,57.41497128394821,41.40843285454644,31.95991566383444,0.8900428205528569,1.8116000574082136,7.517300080507994,C:\Users\gabri\OneDrive\Documentos\UTEC 2026-1\Vision y Reconocimento\pc3\outputs\compressed\jpeg\kodim20__high_compression_q30.jpg,C:\Users\gabri\OneDrive\Documentos\UTEC 2026-1\Vision y Reconocimento\pc3\outputs\reconstructed\jpeg\kodim20__high_compression_q30.png
kodim20.png,jpeg2000,low_compression_cr5,5,imagecodecs-JPEG2000,768,512,3,492462,1179648,234517,2.0998989412281412,5.03011721964719,0.42029232449001735,51.89528902011817,0.9964169438721258,42.22160007338971,31.259999959729612,C:\Users\gabri\OneDrive\Documentos\UTEC 2026-1\Vision y Reconocimento\pc3\outputs\compressed\jpeg2000\kodim20__low_compression_cr5.jp2,C:\Users\gabri\OneDrive\Documentos\UTEC 2026-1\Vision y Reconocimento\pc3\outputs\reconstructed\jpeg2000\kodim20__low_compression_cr5.png
kodim20.png,jpeg2000,medium_compression_cr10,10,imagecodecs-JPEG2000,768,512,3,492462,1179648,221036,2.227971914077345,5.336904395664055,0.4686754014756944,51.42208200784256,0.9960697384612529,43.02689991891384,30.011099996045232,C:\Users\gabri\OneDrive\Documentos\UTEC 2026-1\Vision y Reconocimento\pc3\outputs\compressed\jpeg2000\kodim20__medium_compression_cr10.jp2,C:\Users\gabri\OneDrive\Documentos\UTEC 2026-1\Vision y Reconocimento\pc3\outputs\reconstructed\jpeg2000\kodim20__medium_compression_cr10.png
kodim20.png,jpeg2000,high_compression_cr20,20,imagecodecs-JPEG2000,768,512,3,492462,1179648,6896,71.4127030162413,171.06264501160092,65.7035886976454,29.95491269709649,0.8199362725137046,42.820699978619814,6.400899961590767,C:\Users\gabri\OneDrive\Documentos\UTEC 2026-1\Vision y Reconocimento\pc3\outputs\compressed\jpeg2000\kodim20__high_compression_cr20.jp2,C:\Users\gabri\OneDrive\Documentos\UTEC 2026-1\Vision y Reconocimento\pc3\outputs\reconstructed\jpeg2000\kodim20__high_compression_cr20.png
kodim21.png,jpeg,low_compression_q90,90,Pillow-JPEG,768,512,3,637051,1179648,114552,5.561238564145541,10.297925832809554,10.882193671332466,37.763639100531684,0.9589757368519815,3.088400000706315,8.174500078894198,C:\Users\gabri\OneDrive\Documentos\UTEC 2026-1\Vision y Reconocimento\pc3\outputs\compressed\jpeg\kodim21__low_compression_q90.jpg,C:\Users\gabri\OneDrive\Documentos\UTEC 2026-1\Vision y Reconocimento\pc3\outputs\reconstructed\jpeg\kodim21__low_compression_q90.png
kodim21.png,jpeg,medium_compression_q60,60,Pillow-JPEG,768,512,3,637051,1179648,47936,13.289615320427236,24.608811748998665,39.11700693766276,32.207147437959556,0.9158225125280568,2.2853000555187464,7.461200002580881,C:\Users\gabri\OneDrive\Documentos\UTEC 2026-1\Vision y Reconocimento\pc3\outputs\compressed\jpeg\kodim21__medium_compression_q60.jpg,C:\Users\gabri\OneDrive\Documentos\UTEC 2026-1\Vision y Reconocimento\pc3\outputs\reconstructed\jpeg\kodim21__medium_compression_q60.png
kodim21.png,jpeg,high_compression_q30,30,Pillow-JPEG,768,512,3,637051,1179648,29776,21.394781031703385,39.61740999462654,67.31317223442926,29.84980303048578,0.8796588885001079,2.014299971051514,7.602500030770898,C:\Users\gabri\OneDrive\Documentos\UTEC 2026-1\Vision y Reconocimento\pc3\outputs\compressed\jpeg\kodim21__high_compression_q30.jpg,C:\Users\gabri\OneDrive\Documentos\UTEC 2026-1\Vision y Reconocimento\pc3\outputs\reconstructed\jpeg\kodim21__high_compression_q30.png
kodim21.png,jpeg2000,low_compression_cr5,5,imagecodecs-JPEG2000,768,512,3,637051,1179648,296914,2.145574139313067,3.973029227318348,0.5181138780381944,50.98655135547232,0.9959573280011541,48.597299959510565,36.960699944756925,C:\Users\gabri\OneDrive\Documentos\UTEC 2026-1\Vision y Reconocimento\pc3\outputs\compressed\jpeg2000\kodim21__low_compression_cr5.jp2,C:\Users\gabri\OneDrive\Documentos\UTEC 2026-1\Vision y Reconocimento\pc3\outputs\reconstructed\jpeg2000\kodim21__low_compression_cr5.png
kodim21.png,jpeg2000,medium_compression_cr10,10,imagecodecs-JPEG2000,768,512,3,637051,1179648,282625,2.2540504201680673,4.173898275099513,0.5714323255750868,50.56115556354625,0.99571932880154,48.511300003156066,35.46340006869286,C:\Users\gabri\OneDrive\Documentos\UTEC 2026-1\Vision y Reconocimento\pc3\outputs\compressed\jpeg2000\kodim21__medium_compression_cr10.jp2,C:\Users\gabri\OneDrive\Documentos\UTEC 2026-1\Vision y Reconocimento\pc3\outputs\reconstructed\jpeg2000\kodim21__medium_compression_cr10.png
kodim21.png,jpeg2000,high_compression_cr20,20,imagecodecs-JPEG2000,768,512,3,637051,1179648,19499,32.67095748499923,60.497871685727475,67.74754672580295,29.8218678770873,0.862434882773505,49.78609993122518,7.971999933943152,C:\Users\gabri\OneDrive\Documentos\UTEC 2026-1\Vision y Reconocimento\pc3\outputs\compressed\jpeg2000\kodim21__high_compression_cr20.jp2,C:\Users\gabri\OneDrive\Documentos\UTEC 2026-1\Vision y Reconocimento\pc3\outputs\reconstructed\jpeg2000\kodim21__high_compression_cr20.png
kodim22.png,jpeg,low_compression_q90,90,Pillow-JPEG,768,512,3,701970,1179648,118055,5.9461268053026135,9.99235949345644,12.830946180555555,37.048216775371976,0.9538249027045144,6.051299977116287,8.58889997471124,C:\Users\gabri\OneDrive\Documentos\UTEC 2026-1\Vision y Reconocimento\pc3\outputs\compressed\jpeg\kodim22__low_compression_q90.jpg,C:\Users\gabri\OneDrive\Documentos\UTEC 2026-1\Vision y Reconocimento\pc3\outputs\reconstructed\jpeg\kodim22__low_compression_q90.png
kodim22.png,jpeg,medium_compression_q60,60,Pillow-JPEG,768,512,3,701970,1179648,49007,14.323872099904095,24.07101026383986,37.49272579616971,32.391333452209125,0.8915908516343553,2.618200029246509,7.689699996262789,C:\Users\gabri\OneDrive\Documentos\UTEC 2026-1\Vision y Reconocimento\pc3\outputs\compressed\jpeg\kodim22__medium_compression_q60.jpg,C:\Users\gabri\OneDrive\Documentos\UTEC 2026-1\Vision y Reconocimento\pc3\outputs\reconstructed\jpeg\kodim22__medium_compression_q60.png
kodim22.png,jpeg,high_compression_q30,30,Pillow-JPEG,768,512,3,701970,1179648,28556,24.582224401176635,41.30998739319232,61.84297349717882,30.217899979658775,0.8365421570913977,1.9838999724015594,8.038699976168573,C:\Users\gabri\OneDrive\Documentos\UTEC 2026-1\Vision y Reconocimento\pc3\outputs\compressed\jpeg\kodim22__high_compression_q30.jpg,C:\Users\gabri\OneDrive\Documentos\UTEC 2026-1\Vision y Reconocimento\pc3\outputs\reconstructed\jpeg\kodim22__high_compression_q30.png
kodim22.png,jpeg2000,low_compression_cr5,5,imagecodecs-JPEG2000,768,512,3,701970,1179648,317051,2.214060198516958,3.7206884696783797,0.5277175903320312,50.90678790176075,0.9966548155390349,51.676100003533065,39.79460010305047,C:\Users\gabri\OneDrive\Documentos\UTEC 2026-1\Vision y Reconocimento\pc3\outputs\compressed\jpeg2000\kodim22__low_compression_cr5.jp2,C:\Users\gabri\OneDrive\Documentos\UTEC 2026-1\Vision y Reconocimento\pc3\outputs\reconstructed\jpeg2000\kodim22__low_compression_cr5.png
kodim22.png,jpeg2000,medium_compression_cr10,10,imagecodecs-JPEG2000,768,512,3,701970,1179648,301705,2.326676720637709,3.909938516100164,0.5832290649414062,50.472412021609756,0.9964264868636068,52.76310001499951,38.32360007800162,C:\Users\gabri\OneDrive\Documentos\UTEC 2026-1\Vision y Reconocimento\pc3\outputs\compressed\jpeg2000\kodim22__medium_compression_cr10.jp2,C:\Users\gabri\OneDrive\Documentos\UTEC 2026-1\Vision y Reconocimento\pc3\outputs\reconstructed\jpeg2000\kodim22__medium_compression_cr10.png
kodim22.png,jpeg2000,high_compression_cr20,20,imagecodecs-JPEG2000,768,512,3,701970,1179648,16854,41.6500533997864,69.99216803132788,67.51007164849176,29.837117919617725,0.784868399503405,51.23250000178814,8.743399986997247,C:\Users\gabri\OneDrive\Documentos\UTEC 2026-1\Vision y Reconocimento\pc3\outputs\compressed\jpeg2000\kodim22__high_compression_cr20.jp2,C:\Users\gabri\OneDrive\Documentos\UTEC 2026-1\Vision y Reconocimento\pc3\outputs\reconstructed\jpeg2000\kodim22__high_compression_cr20.png
kodim23.png,jpeg,low_compression_q90,90,Pillow-JPEG,768,512,3,557596,1179648,75923,7.344230338632562,15.53742607641953,7.062704298231337,39.64109337306077,0.9609035368170242,2.852899953722954,7.413499988615513,C:\Users\gabri\OneDrive\Documentos\UTEC 2026-1\Vision y Reconocimento\pc3\outputs\compressed\jpeg\kodim23__low_compression_q90.jpg,C:\Users\gabri\OneDrive\Documentos\UTEC 2026-1\Vision y Reconocimento\pc3\outputs\reconstructed\jpeg\kodim23__low_compression_q90.png
kodim23.png,jpeg,medium_compression_q60,60,Pillow-JPEG,768,512,3,557596,1179648,30344,18.375823886105984,38.875823886105984,17.375013563368057,35.73155208584544,0.9271041021971423,2.1044000750407577,7.498400053009391,C:\Users\gabri\OneDrive\Documentos\UTEC 2026-1\Vision y Reconocimento\pc3\outputs\compressed\jpeg\kodim23__medium_compression_q60.jpg,C:\Users\gabri\OneDrive\Documentos\UTEC 2026-1\Vision y Reconocimento\pc3\outputs\reconstructed\jpeg\kodim23__medium_compression_q60.png
kodim23.png,jpeg,high_compression_q30,30,Pillow-JPEG,768,512,3,557596,1179648,18432,30.25151909722222,64.0,29.839373270670574,33.382906636472995,0.893548578652589,1.8855000380426645,10.231000022031367,C:\Users\gabri\OneDrive\Documentos\UTEC 2026-1\Vision y Reconocimento\pc3\outputs\compressed\jpeg\kodim23__high_compression_q30.jpg,C:\Users\gabri\OneDrive\Documentos\UTEC 2026-1\Vision y Reconocimento\pc3\outputs\reconstructed\jpeg\kodim23__high_compression_q30.png
kodim23.png,jpeg2000,low_compression_cr5,5,imagecodecs-JPEG2000,768,512,3,557596,1179648,221540,2.5169089103547893,5.324763022479011,0.5419650607638888,50.79109071389575,0.994453005195764,40.1488000061363,29.626399977132678,C:\Users\gabri\OneDrive\Documentos\UTEC 2026-1\Vision y Reconocimento\pc3\outputs\compressed\jpeg2000\kodim23__low_compression_cr5.jp2,C:\Users\gabri\OneDrive\Documentos\UTEC 2026-1\Vision y Reconocimento\pc3\outputs\reconstructed\jpeg2000\kodim23__low_compression_cr5.png
kodim23.png,jpeg2000,medium_compression_cr10,10,imagecodecs-JPEG2000,768,512,3,557596,1179648,207072,2.6927638695719365,5.696801112656467,0.5959981282552084,50.37835465036585,0.9940391425994214,43.662199983373284,28.831300092861056,C:\Users\gabri\OneDrive\Documentos\UTEC 2026-1\Vision y Reconocimento\pc3\outputs\compressed\jpeg2000\kodim23__medium_compression_cr10.jp2,C:\Users\gabri\OneDrive\Documentos\UTEC 2026-1\Vision y Reconocimento\pc3\outputs\reconstructed\jpeg2000\kodim23__medium_compression_cr10.png
kodim23.png,jpeg2000,high_compression_cr20,20,imagecodecs-JPEG2000,768,512,3,557596,1179648,3871,144.04443296305865,304.73986050116247,70.39653015136719,29.655291075958566,0.8331591598447559,42.78410004917532,6.770400097593665,C:\Users\gabri\OneDrive\Documentos\UTEC 2026-1\Vision y Reconocimento\pc3\outputs\compressed\jpeg2000\kodim23__high_compression_cr20.jp2,C:\Users\gabri\OneDrive\Documentos\UTEC 2026-1\Vision y Reconocimento\pc3\outputs\reconstructed\jpeg2000\kodim23__high_compression_cr20.png
kodim24.png,jpeg,low_compression_q90,90,Pillow-JPEG,768,512,3,706397,1179648,133434,5.29398054468876,8.840685282611629,16.680213928222656,35.90878744587123,0.9693850953048672,3.464599954895675,8.514299988746643,C:\Users\gabri\OneDrive\Documentos\UTEC 2026-1\Vision y Reconocimento\pc3\outputs\compressed\jpeg\kodim24__low_compression_q90.jpg,C:\Users\gabri\OneDrive\Documentos\UTEC 2026-1\Vision y Reconocimento\pc3\outputs\reconstructed\jpeg\kodim24__low_compression_q90.png
kodim24.png,jpeg,medium_compression_q60,60,Pillow-JPEG,768,512,3,706397,1179648,60203,11.733584705081142,19.594505257213097,54.70135752360026,30.750822565144986,0.9157077477665351,2.8125999961048365,7.807199959643185,C:\Users\gabri\OneDrive\Documentos\UTEC 2026-1\Vision y Reconocimento\pc3\outputs\compressed\jpeg\kodim24__medium_compression_q60.jpg,C:\Users\gabri\OneDrive\Documentos\UTEC 2026-1\Vision y Reconocimento\pc3\outputs\reconstructed\jpeg\kodim24__medium_compression_q60.png
kodim24.png,jpeg,high_compression_q30,30,Pillow-JPEG,768,512,3,706397,1179648,36728,19.233200827706384,32.11849270311479,96.61927795410156,28.280165732330488,0.8656906211704157,2.419100026600063,8.189099957235157,C:\Users\gabri\OneDrive\Documentos\UTEC 2026-1\Vision y Reconocimento\pc3\outputs\compressed\jpeg\kodim24__high_compression_q30.jpg,C:\Users\gabri\OneDrive\Documentos\UTEC 2026-1\Vision y Reconocimento\pc3\outputs\reconstructed\jpeg\kodim24__high_compression_q30.png
kodim24.png,jpeg2000,low_compression_cr5,5,imagecodecs-JPEG2000,768,512,3,706397,1179648,328473,2.1505481424652864,3.59130887470203,0.4798261854383681,51.319964159416465,0.9975349882710304,54.49429992586374,42.109400033950806,C:\Users\gabri\OneDrive\Documentos\UTEC 2026-1\Vision y Reconocimento\pc3\outputs\compressed\jpeg2000\kodim24__low_compression_cr5.jp2,C:\Users\gabri\OneDrive\Documentos\UTEC 2026-1\Vision y Reconocimento\pc3\outputs\reconstructed\jpeg2000\kodim24__low_compression_cr5.png
kodim24.png,jpeg2000,medium_compression_cr10,10,imagecodecs-JPEG2000,768,512,3,706397,1179648,314035,2.249421242855096,3.756422054866496,0.5342534383138021,50.85333035018408,0.9973713887371072,55.570100084878504,41.374400025233626,C:\Users\gabri\OneDrive\Documentos\UTEC 2026-1\Vision y Reconocimento\pc3\outputs\compressed\jpeg2000\kodim24__medium_compression_cr10.jp2,C:\Users\gabri\OneDrive\Documentos\UTEC 2026-1\Vision y Reconocimento\pc3\outputs\reconstructed\jpeg2000\kodim24__medium_compression_cr10.png
kodim24.png,jpeg2000,high_compression_cr20,20,imagecodecs-JPEG2000,768,512,3,706397,1179648,33862,20.861053688500384,34.83692634811884,65.6143315633138,29.960816519941574,0.859053864004376,54.47079997975379,10.605000075884163,C:\Users\gabri\OneDrive\Documentos\UTEC 2026-1\Vision y Reconocimento\pc3\outputs\compressed\jpeg2000\kodim24__high_compression_cr20.jp2,C:\Users\gabri\OneDrive\Documentos\UTEC 2026-1\Vision y Reconocimento\pc3\outputs\reconstructed\jpeg2000\kodim24__high_compression_cr20.png
